{
    "milvus": {
        "insert": 3.930924024,
        "query": 2.12120864,
        "remove": 3.0555125039999997
    }
}
