{
    "vespa": {
        "insert": 25.379386999999998,
        "query": 7.035804999999999,
        "remove": 21.30198
    }
}
