{
    "chromadb": {
        "insert": 7.1101670960000005,
        "query": 6.703103442,
        "remove": 6.060852981999999
    },
    "pgvector": {
        "insert": 2.075987846,
        "query": 2.752173116,
        "remove": 0.3361963
    },
    "vespa": {
        "insert": 13.688471488,
        "query": 9.032940502999999,
        "remove": 10.443176442
    },
    "milvus": {
        "insert": 3.8017634979999997,
        "query": 2.126121257,
        "remove": 3.089101081
    },
    "qdrant": {
        "insert": 2.2889552109999998,
        "query": 2.1097739269999995,
        "remove": 1.940304313
    }
}
